{"loss": 0.9660415790376394, "_runtime": 4213, "_timestamp": 1618000065, "_step": 1309, "gradients/variational_strategy._variational_distribution.variational_mean": {"_type": "histogram", "values": [1.0, 0.0, 0.0, 0.0, 0.0, 0.0, 1.0, 1.0, 0.0, 0.0, 0.0, 0.0, 0.0, 0.0, 0.0, 0.0, 1.0, 0.0, 0.0, 0.0, 1.0, 0.0, 1.0, 0.0, 1.0, 2.0, 4.0, 0.0, 3.0, 5.0, 6.0, 4.0, 10.0, 31.0, 99.0, 1161.0, 97.0, 19.0, 10.0, 9.0, 6.0, 2.0, 4.0, 2.0, 1.0, 3.0, 1.0, 0.0, 4.0, 1.0, 1.0, 3.0, 0.0, 2.0, 1.0, 0.0, 0.0, 1.0, 0.0, 0.0, 0.0, 0.0, 0.0, 1.0], "bins": [-0.04522526264190674, -0.043952975422143936, -0.042680684477090836, -0.04140839725732803, -0.04013610631227493, -0.03886381909251213, -0.03759152814745903, -0.03631924092769623, -0.03504694998264313, -0.033774662762880325, -0.032502371817827225, -0.031230082735419273, -0.029957793653011322, -0.02868550643324852, -0.02741321735084057, -0.026140928268432617, -0.024868641048669815, -0.023596351966261864, -0.022324062883853912, -0.02105177380144596, -0.01977948471903801, -0.018507197499275208, -0.017234908416867256, -0.015962619334459305, -0.014690330252051353, -0.013418041169643402, -0.01214575208723545, -0.010873463936150074, -0.009601174853742123, -0.008328885771334171, -0.007056597154587507, -0.005784308537840843, -0.004512015730142593, -0.0032397268805652857, -0.001967438030987978, -0.0006951491814106703, 0.0005771396681666374, 0.0018494287505745888, 0.003121717367321253, 0.004394005984067917, 0.005666295066475868, 0.00693858414888382, 0.008210873231291771, 0.009483161382377148, 0.010755450464785099, 0.01202773954719305, 0.013300027698278427, 0.014572316780686378, 0.01584460586309433, 0.01711689494550228, 0.018389184027910233, 0.019661473110318184, 0.020933762192726135, 0.022206049412488937, 0.02347833849489689, 0.02475062757730484, 0.02602291665971279, 0.027295205742120743, 0.028567494824528694, 0.029839783906936646, 0.031112071126699448, 0.03238436207175255, 0.03365664929151535, 0.03492894023656845, 0.03620122745633125]}, "gradients/covar_module.raw_outputscale": {"_type": "histogram", "values": [0.0, 0.0, 0.0, 0.0, 0.0, 0.0, 0.0, 0.0, 0.0, 0.0, 0.0, 0.0, 0.0, 0.0, 0.0, 0.0, 0.0, 0.0, 0.0, 0.0, 0.0, 0.0, 0.0, 0.0, 0.0, 0.0, 0.0, 0.0, 0.0, 0.0, 0.0, 0.0, 1.0, 0.0, 0.0, 0.0, 0.0, 0.0, 0.0, 0.0, 0.0, 0.0, 0.0, 0.0, 0.0, 0.0, 0.0, 0.0, 0.0, 0.0, 0.0, 0.0, 0.0, 0.0, 0.0, 0.0, 0.0, 0.0, 0.0, 0.0, 0.0, 0.0, 0.0, 0.0], "bins": [0.05052614212036133, 0.05052614212036133, 0.05052614212036133, 0.05052614212036133, 0.05052614212036133, 0.05052614212036133, 0.05052614212036133, 0.05052614212036133, 0.05052614212036133, 0.05052614212036133, 0.05052614212036133, 0.05052614212036133, 0.05052614212036133, 0.05052614212036133, 0.05052614212036133, 0.05052614212036133, 0.05052614212036133, 0.05052614212036133, 0.05052614212036133, 0.05052614212036133, 0.05052614212036133, 0.05052614212036133, 0.05052614212036133, 0.05052614212036133, 0.05052614212036133, 0.05052614212036133, 0.05052614212036133, 0.05052614212036133, 0.05052614212036133, 0.05052614212036133, 0.05052614212036133, 0.05052614212036133, 0.05052614212036133, 0.05052614212036133, 0.05052614212036133, 0.05052614212036133, 0.05052614212036133, 0.05052614212036133, 0.05052614212036133, 0.05052614212036133, 0.05052614212036133, 0.05052614212036133, 0.05052614212036133, 0.05052614212036133, 0.05052614212036133, 0.05052614212036133, 0.05052614212036133, 0.05052614212036133, 0.05052614212036133, 0.05052614212036133, 0.05052614212036133, 0.05052614212036133, 0.05052614212036133, 0.05052614212036133, 0.05052614212036133, 0.05052614212036133, 0.05052614212036133, 0.05052614212036133, 0.05052614212036133, 0.05052614212036133, 0.05052614212036133, 0.05052614212036133, 0.05052614212036133, 0.05052614212036133, 0.05052614212036133]}, "gradients/variational_strategy.inducing_points": {"_type": "histogram", "values": [1.0, 0.0, 0.0, 0.0, 0.0, 0.0, 0.0, 0.0, 0.0, 0.0, 0.0, 0.0, 0.0, 0.0, 0.0, 0.0, 0.0, 1.0, 1.0, 4.0, 0.0, 1.0, 1.0, 3.0, 1.0, 3.0, 7.0, 27.0, 244.0, 625.0, 36.0, 16.0, 13.0, 6.0, 3.0, 2.0, 1.0, 0.0, 0.0, 1.0, 0.0, 0.0, 1.0, 0.0, 0.0, 0.0, 0.0, 0.0, 0.0, 0.0, 1.0, 0.0, 0.0, 0.0, 0.0, 0.0, 0.0, 0.0, 0.0, 0.0, 0.0, 0.0, 0.0, 1.0], "bins": [-2.1066858768463135, -2.0342581272125244, -1.9618302583694458, -1.8894023895263672, -1.8169746398925781, -1.7445467710494995, -1.672118902206421, -1.5996911525726318, -1.5272632837295532, -1.4548354148864746, -1.3824076652526855, -1.309979796409607, -1.2375519275665283, -1.1651241779327393, -1.0926963090896606, -1.020268440246582, -0.947840690612793, -0.8754128813743591, -0.8029850721359253, -0.7305572032928467, -0.6581293940544128, -0.585701584815979, -0.5132737159729004, -0.44084590673446655, -0.3684180974960327, -0.2959902882575989, -0.22356244921684265, -0.15113462507724762, -0.07870680093765259, -0.00627899169921875, 0.06614884734153748, 0.1385766863822937, 0.21100449562072754, 0.2834323048591614, 0.3558601438999176, 0.42828798294067383, 0.5007157921791077, 0.5731436014175415, 0.6455714702606201, 0.717999279499054, 0.7904270887374878, 0.8628548979759216, 0.9352827072143555, 1.007710576057434, 1.0801384449005127, 1.1525661945343018, 1.2249940633773804, 1.297421932220459, 1.369849681854248, 1.4422775506973267, 1.5147053003311157, 1.5871331691741943, 1.6595609188079834, 1.731988787651062, 1.8044166564941406, 1.8768444061279297, 1.9492722749710083, 2.021700143814087, 2.094127893447876, 2.166555643081665, 2.238983631134033, 2.3114113807678223, 2.3838391304016113, 2.4562671184539795, 2.5286948680877686]}, "gradients/covar_module.base_kernel.raw_lengthscale": {"_type": "histogram", "values": [0.0, 0.0, 0.0, 0.0, 0.0, 0.0, 0.0, 0.0, 0.0, 0.0, 0.0, 0.0, 0.0, 0.0, 0.0, 0.0, 0.0, 0.0, 0.0, 0.0, 0.0, 0.0, 0.0, 0.0, 0.0, 0.0, 0.0, 0.0, 0.0, 0.0, 0.0, 0.0, 1.0, 0.0, 0.0, 0.0, 0.0, 0.0, 0.0, 0.0, 0.0, 0.0, 0.0, 0.0, 0.0, 0.0, 0.0, 0.0, 0.0, 0.0, 0.0, 0.0, 0.0, 0.0, 0.0, 0.0, 0.0, 0.0, 0.0, 0.0, 0.0, 0.0, 0.0, 0.0], "bins": [-0.49787259101867676, -0.49787259101867676, -0.49787259101867676, -0.49787259101867676, -0.49787259101867676, -0.49787259101867676, -0.49787259101867676, -0.49787259101867676, -0.49787259101867676, -0.49787259101867676, -0.49787259101867676, -0.49787259101867676, -0.49787259101867676, -0.49787259101867676, -0.49787259101867676, -0.49787259101867676, -0.49787259101867676, -0.49787259101867676, -0.49787259101867676, -0.49787259101867676, -0.49787259101867676, -0.49787259101867676, -0.49787259101867676, -0.49787259101867676, -0.49787259101867676, -0.49787259101867676, -0.49787259101867676, -0.49787259101867676, -0.49787259101867676, -0.49787259101867676, -0.49787259101867676, -0.49787259101867676, -0.49787259101867676, -0.49787259101867676, -0.49787259101867676, -0.49787259101867676, -0.49787259101867676, -0.49787259101867676, -0.49787259101867676, -0.49787259101867676, -0.49787259101867676, -0.49787259101867676, -0.49787259101867676, -0.49787259101867676, -0.49787259101867676, -0.49787259101867676, -0.49787259101867676, -0.49787259101867676, -0.49787259101867676, -0.49787259101867676, -0.49787259101867676, -0.49787259101867676, -0.49787259101867676, -0.49787259101867676, -0.49787259101867676, -0.49787259101867676, -0.49787259101867676, -0.49787259101867676, -0.49787259101867676, -0.49787259101867676, -0.49787259101867676, -0.49787259101867676, -0.49787259101867676, -0.49787259101867676, -0.49787259101867676]}, "gradients/variational_strategy.inducing_directions": {"_type": "histogram", "values": [1.0, 0.0, 0.0, 0.0, 1.0, 0.0, 0.0, 0.0, 0.0, 0.0, 0.0, 0.0, 0.0, 0.0, 0.0, 1.0, 0.0, 0.0, 0.0, 0.0, 0.0, 0.0, 1.0, 0.0, 1.0, 1.0, 2.0, 2.0, 2.0, 3.0, 8.0, 14.0, 122.0, 1774.0, 32.0, 9.0, 12.0, 1.0, 2.0, 0.0, 2.0, 1.0, 1.0, 1.0, 0.0, 0.0, 1.0, 1.0, 1.0, 0.0, 2.0, 0.0, 0.0, 0.0, 0.0, 0.0, 0.0, 0.0, 0.0, 0.0, 0.0, 0.0, 0.0, 1.0],