{"loss": 1.5003776425746373, "_runtime": 3935, "_timestamp": 1618000058, "_step": 1123, "gradients/variational_strategy._variational_distribution.variational_mean": {"_type": "histogram", "values": [1.0, 0.0, 0.0, 0.0, 0.0, 0.0, 0.0, 0.0, 0.0, 1.0, 0.0, 1.0, 0.0, 2.0, 2.0, 0.0, 0.0, 2.0, 1.0, 1.0, 3.0, 2.0, 3.0, 4.0, 3.0, 5.0, 5.0, 14.0, 18.0, 42.0, 1140.0, 197.0, 17.0, 5.0, 11.0, 3.0, 2.0, 4.0, 2.0, 0.0, 0.0, 2.0, 0.0, 1.0, 0.0, 1.0, 1.0, 1.0, 1.0, 0.0, 0.0, 0.0, 0.0, 0.0, 0.0, 1.0, 0.0, 0.0, 0.0, 0.0, 0.0, 0.0, 0.0, 1.0], "bins": [-0.05520916357636452, -0.053414784371852875, -0.051620401442050934, -0.04982601851224899, -0.04803163930773735, -0.04623726010322571, -0.04444287717342377, -0.042648494243621826, -0.040854115039110184, -0.03905973583459854, -0.0372653529047966, -0.03547096997499466, -0.03367659077048302, -0.031882211565971375, -0.030087828636169434, -0.028293447569012642, -0.02649906650185585, -0.02470468543469906, -0.022910304367542267, -0.021115923300385475, -0.019321542233228683, -0.017527161166071892, -0.0157327800989151, -0.013938399031758308, -0.012144017964601517, -0.010349636897444725, -0.008555255830287933, -0.006760874763131142, -0.00496649369597435, -0.0031721126288175583, -0.0013777315616607666, 0.0004166495054960251, 0.0022110268473625183, 0.00400540791451931, 0.005799788981676102, 0.007594170048832893, 0.009388551115989685, 0.011182932183146477, 0.012977313250303268, 0.01477169431746006, 0.016566075384616852, 0.018360456451773643, 0.020154837518930435, 0.021949218586087227, 0.02374359965324402, 0.02553798072040081, 0.027332361787557602, 0.029126742854714394, 0.030921123921871185, 0.032715506851673126, 0.03450988605618477, 0.03630426526069641, 0.03809864819049835, 0.03989303112030029, 0.041687410324811935, 0.04348178952932358, 0.04527617245912552, 0.04707055538892746, 0.0488649345934391, 0.050659313797950745, 0.052453696727752686, 0.054248079657554626, 0.05604245886206627, 0.05783683806657791, 0.05963122099637985]}, "gradients/covar_module.raw_outputscale": {"_type": "histogram", "values": [0.0, 0.0, 0.0, 0.0, 0.0, 0.0, 0.0, 0.0, 0.0, 0.0, 0.0, 0.0, 0.0, 0.0, 0.0, 0.0, 0.0, 0.0, 0.0, 0.0, 0.0, 0.0, 0.0, 0.0, 0.0, 0.0, 0.0, 0.0, 0.0, 0.0, 0.0, 0.0, 1.0, 0.0, 0.0, 0.0, 0.0, 0.0, 0.0, 0.0, 0.0, 0.0, 0.0, 0.0, 0.0, 0.0, 0.0, 0.0, 0.0, 0.0, 0.0, 0.0, 0.0, 0.0, 0.0, 0.0, 0.0, 0.0, 0.0, 0.0, 0.0, 0.0, 0.0, 0.0], "bins": [0.06468868255615234, 0.06468868255615234, 0.06468868255615234, 0.06468868255615234, 0.06468868255615234, 0.06468868255615234, 0.06468868255615234, 0.06468868255615234, 0.06468868255615234, 0.06468868255615234, 0.06468868255615234, 0.06468868255615234, 0.06468868255615234, 0.06468868255615234, 0.06468868255615234, 0.06468868255615234, 0.06468868255615234, 0.06468868255615234, 0.06468868255615234, 0.06468868255615234, 0.06468868255615234, 0.06468868255615234, 0.06468868255615234, 0.06468868255615234, 0.06468868255615234, 0.06468868255615234, 0.06468868255615234, 0.06468868255615234, 0.06468868255615234, 0.06468868255615234, 0.06468868255615234, 0.06468868255615234, 0.06468868255615234, 0.06468868255615234, 0.06468868255615234, 0.06468868255615234, 0.06468868255615234, 0.06468868255615234, 0.06468868255615234, 0.06468868255615234, 0.06468868255615234, 0.06468868255615234, 0.06468868255615234, 0.06468868255615234, 0.06468868255615234, 0.06468868255615234, 0.06468868255615234, 0.06468868255615234, 0.06468868255615234, 0.06468868255615234, 0.06468868255615234, 0.06468868255615234, 0.06468868255615234, 0.06468868255615234, 0.06468868255615234, 0.06468868255615234, 0.06468868255615234, 0.06468868255615234, 0.06468868255615234, 0.06468868255615234, 0.06468868255615234, 0.06468868255615234, 0.06468868255615234, 0.06468868255615234, 0.06468868255615234]}, "gradients/variational_strategy.inducing_points": {"_type": "histogram", "values": [1.0, 0.0, 0.0, 0.0, 0.0, 0.0, 0.0, 0.0, 0.0, 0.0, 0.0, 0.0, 0.0, 0.0, 0.0, 0.0, 0.0, 0.0, 0.0, 0.0, 0.0, 1.0, 0.0, 0.0, 0.0, 0.0, 0.0, 0.0, 0.0, 0.0, 0.0, 1.0, 0.0, 0.0, 1.0, 4.0, 1.0, 3.0, 1.0, 3.0, 8.0, 23.0, 689.0, 222.0, 14.0, 9.0, 1.0, 2.0, 2.0, 2.0, 2.0, 3.0, 1.0, 1.0, 1.0, 2.0, 0.0, 0.0, 0.0, 0.0, 0.0, 0.0, 1.0, 1.0], "bins": [-5.768646717071533, -5.6342668533325195, -5.499886512756348, -5.365506649017334, -5.23112678527832, -5.096746921539307, -4.962367057800293, -4.827986717224121, -4.693606853485107, -4.559226989746094, -4.424846649169922, -4.290466785430908, -4.1560869216918945, -4.021707057952881, -3.887326955795288, -3.7529468536376953, -3.6185669898986816, -3.484187126159668, -3.349807024002075, -3.2154269218444824, -3.0810470581054688, -2.946667194366455, -2.8122870922088623, -2.6779069900512695, -2.543527126312256, -2.409147262573242, -2.2747671604156494, -2.1403870582580566, -2.006007194519043, -1.8716272115707397, -1.7372472286224365, -1.6028672456741333, -1.46848726272583, -1.3341072797775269, -1.1997272968292236, -1.0653473138809204, -0.9309673309326172, -0.796587347984314, -0.6622073650360107, -0.5278273820877075, -0.3934473991394043, -0.2590674161911011, -0.12468743324279785, 0.009692549705505371, 0.1440725326538086, 0.2784525156021118, 0.41283249855041504, 0.5472124814987183, 0.6815924644470215, 0.8159724473953247, 0.9503524303436279, 1.0847324132919312, 1.2191123962402344, 1.3534923791885376, 1.4878723621368408, 1.622252345085144, 1.7566323280334473, 1.8910123109817505, 2.0253922939300537, 2.1597723960876465, 2.29415225982666, 2.428532123565674, 2.5629122257232666, 2.6972923278808594, 2.831672191619873]}, "gradients/covar_module.base_kernel.raw_lengthscale": {"_type": "histogram", "values": [0.0, 0.0, 0.0, 0.0, 0.0, 0.0, 0.0, 0.0, 0.0, 0.0, 0.0, 0.0, 0.0, 0.0, 0.0, 0.0, 0.0, 0.0, 0.0, 0.0, 0.0, 0.0, 0.0, 0.0, 0.0, 0.0, 0.0, 0.0, 0.0, 0.0, 0.0, 0.0, 1.0, 0.0, 0.0, 0.0, 0.0, 0.0, 0.0, 0.0, 0.0, 0.0, 0.0, 0.0, 0.0, 0.0, 0.0, 0.0, 0.0, 0.0, 0.0, 0.0, 0.0, 0.0, 0.0, 0.0, 0.0, 0.0, 0.0, 0.0, 0.0, 0.0, 0.0, 0.0], "bins": [0.3056979179382324, 0.3056979179382324, 0.3056979179382324, 0.3056979179382324, 0.3056979179382324, 0.3056979179382324, 0.3056979179382324, 0.3056979179382324, 0.3056979179382324, 0.3056979179382324, 0.3056979179382324, 0.3056979179382324, 0.3056979179382324, 0.3056979179382324, 0.3056979179382324, 0.3056979179382324, 0.3056979179382324, 0.3056979179382324, 0.3056979179382324, 0.3056979179382324, 0.3056979179382324, 0.3056979179382324, 0.3056979179382324, 0.3056979179382324, 0.3056979179382324, 0.3056979179382324, 0.3056979179382324, 0.3056979179382324, 0.3056979179382324, 0.3056979179382324, 0.3056979179382324, 0.3056979179382324, 0.3056979179382324, 0.3056979179382324, 0.3056979179382324, 0.3056979179382324, 0.3056979179382324, 0.3056979179382324, 0.3056979179382324, 0.3056979179382324, 0.3056979179382324, 0.3056979179382324, 0.3056979179382324, 0.3056979179382324, 0.3056979179382324, 0.3056979179382324, 0.3056979179382324, 0.3056979179382324, 0.3056979179382324, 0.3056979179382324, 0.3056979179382324, 0.3056979179382324, 0.3056979179382324, 0.3056979179382324, 0.3056979179382324, 0.3056979179382324, 0.3056979179382324, 0.3056979179382324, 0.3056979179382324, 0.3056979179382324, 0.3056979179382324, 0.3056979179382324, 0.3056979179382324, 0.3056979179382324, 0.3056979179382324]}, "gradients/variational_strategy.inducing_directions": {"_type": "histogram", "values": [1.0, 0.0, 0.0, 0.0, 0.0, 0.0, 0.0, 0.0, 0.0, 0.0, 0.0, 0.0, 0.0, 0.0, 0.0, 0.0, 0.0, 0.0, 0.0, 0.0, 0.0, 0.0, 0.0, 0.0, 0.0, 0.0, 0.0, 0.0, 0.0, 0.0, 0.0, 0.0, 0.0, 0.0, 0.0, 4.0, 0.0, 0.0, 3.0, 0.0, 7.0, 10.0, 88.0, 1852.0, 20.0, 7.0, 4.0, 0.0, 1.0, 1.0, 1.0, 0.0, 0.0, 0.0, 0.0, 0.0, 0.0, 0.0, 0.0, 0.0, 0.0, 0.0, 0.0, 1.0],