{"loss": 1.827810107504287, "_runtime": 2202, "_timestamp": 1617999943, "_step": 2000, "gradients/variational_strategy._variational_distribution.variational_mean": {"_type": "histogram", "values": [1.0, 0.0, 0.0, 0.0, 0.0, 1.0, 0.0, 0.0, 0.0, 0.0, 0.0, 2.0, 0.0, 1.0, 0.0, 0.0, 0.0, 1.0, 0.0, 0.0, 0.0, 1.0, 0.0, 0.0, 0.0, 1.0, 1.0, 0.0, 1.0, 0.0, 0.0, 1.0, 5.0, 2.0, 7.0, 18.0, 203.0, 599.0, 28.0, 4.0, 7.0, 3.0, 2.0, 4.0, 0.0, 1.0, 0.0, 0.0, 1.0, 0.0, 1.0, 1.0, 1.0, 0.0, 0.0, 0.0, 1.0, 0.0, 0.0, 0.0, 0.0, 0.0, 0.0, 1.0], "bins": [-0.0832824856042862, -0.08104071766138077, -0.07879894971847534, -0.07655718177556992, -0.07431541383266449, -0.07207364588975906, -0.06983187794685364, -0.06759011000394821, -0.06534834206104279, -0.06310657411813736, -0.060864806175231934, -0.05862303823232651, -0.05638127028942108, -0.054139502346515656, -0.05189773440361023, -0.0496559664607048, -0.04741419479250908, -0.04517242684960365, -0.04293065890669823, -0.0406888909637928, -0.038447123020887375, -0.03620535507798195, -0.033963583409786224, -0.0317218154668808, -0.029480047523975372, -0.027238279581069946, -0.02499651163816452, -0.022754743695259094, -0.020512975752353668, -0.018271207809448242, -0.016029438003897667, -0.013787670060992241, -0.011545900255441666, -0.00930413231253624, -0.007062363903969526, -0.004820595495402813, -0.002578827552497387, -0.0003370596095919609, 0.0019047092646360397, 0.004146477207541466, 0.0063882432878017426, 0.008630011230707169, 0.010871779173612595, 0.013113548047840595, 0.015355315990746021, 0.017597083002328873, 0.019838852807879448, 0.022080620750784874, 0.02432239055633545, 0.026564158499240875, 0.0288059264421463, 0.031047694385051727, 0.03328946232795715, 0.03553123027086258, 0.037772998213768005, 0.04001476615667343, 0.04225653409957886, 0.04449830204248428, 0.04674006998538971, 0.048981837928295135, 0.05122360587120056, 0.05346537381410599, 0.055707141757011414, 0.05794890969991684, 0.060190681368112564]}, "gradients/covar_module.raw_outputscale": {"_type": "histogram", "values": [0.0, 0.0, 0.0, 0.0, 0.0, 0.0, 0.0, 0.0, 0.0, 0.0, 0.0, 0.0, 0.0, 0.0, 0.0, 0.0, 0.0, 0.0, 0.0, 0.0, 0.0, 0.0, 0.0, 0.0, 0.0, 0.0, 0.0, 0.0, 0.0, 0.0, 0.0, 0.0, 1.0, 0.0, 0.0, 0.0, 0.0, 0.0, 0.0, 0.0, 0.0, 0.0, 0.0, 0.0, 0.0, 0.0, 0.0, 0.0, 0.0, 0.0, 0.0, 0.0, 0.0, 0.0, 0.0, 0.0, 0.0, 0.0, 0.0, 0.0, 0.0, 0.0, 0.0, 0.0], "bins": [0.12772417068481445, 0.12772417068481445, 0.12772417068481445, 0.12772417068481445, 0.12772417068481445, 0.12772417068481445, 0.12772417068481445, 0.12772417068481445, 0.12772417068481445, 0.12772417068481445, 0.12772417068481445, 0.12772417068481445, 0.12772417068481445, 0.12772417068481445, 0.12772417068481445, 0.12772417068481445, 0.12772417068481445, 0.12772417068481445, 0.12772417068481445, 0.12772417068481445, 0.12772417068481445, 0.12772417068481445, 0.12772417068481445, 0.12772417068481445, 0.12772417068481445, 0.12772417068481445, 0.12772417068481445, 0.12772417068481445, 0.12772417068481445, 0.12772417068481445, 0.12772417068481445, 0.12772417068481445, 0.12772417068481445, 0.12772417068481445, 0.12772417068481445, 0.12772417068481445, 0.12772417068481445, 0.12772417068481445, 0.12772417068481445, 0.12772417068481445, 0.12772417068481445, 0.12772417068481445, 0.12772417068481445, 0.12772417068481445, 0.12772417068481445, 0.12772417068481445, 0.12772417068481445, 0.12772417068481445, 0.12772417068481445, 0.12772417068481445, 0.12772417068481445, 0.12772417068481445, 0.12772417068481445, 0.12772417068481445, 0.12772417068481445, 0.12772417068481445, 0.12772417068481445, 0.12772417068481445, 0.12772417068481445, 0.12772417068481445, 0.12772417068481445, 0.12772417068481445, 0.12772417068481445, 0.12772417068481445, 0.12772417068481445]}, "gradients/variational_strategy.inducing_points": {"_type": "histogram", "values": [1.0, 1.0, 0.0, 0.0, 0.0, 0.0, 0.0, 1.0, 0.0, 0.0, 1.0, 0.0, 2.0, 1.0, 0.0, 1.0, 2.0, 0.0, 3.0, 5.0, 3.0, 9.0, 17.0, 105.0, 381.0, 32.0, 10.0, 5.0, 6.0, 1.0, 1.0, 1.0, 2.0, 0.0, 2.0, 1.0, 0.0, 1.0, 1.0, 1.0, 0.0, 0.0, 0.0, 0.0, 0.0, 0.0, 1.0, 0.0, 0.0, 0.0, 0.0, 0.0, 0.0, 0.0, 0.0, 0.0, 0.0, 0.0, 0.0, 0.0, 1.0, 0.0, 0.0, 1.0], "bins": [-1.149732232093811, -1.1020795106887817, -1.054426908493042, -1.0067741870880127, -0.959121584892273, -0.9114688634872437, -0.8638162016868591, -0.8161635398864746, -0.7685108780860901, -0.7208582162857056, -0.673205554485321, -0.6255528926849365, -0.5779001712799072, -0.5302475690841675, -0.4825948476791382, -0.43494218587875366, -0.38728952407836914, -0.3396368622779846, -0.2919842004776001, -0.2443315088748932, -0.19667884707450867, -0.14902618527412415, -0.10137349367141724, -0.053720831871032715, -0.006068110466003418, 0.0415845587849617, 0.08923722803592682, 0.13688990473747253, 0.18454256653785706, 0.23219522833824158, 0.2798479199409485, 0.327500581741333, 0.3751530647277832, 0.4228057265281677, 0.47045838832855225, 0.5181111097335815, 0.5657637119293213, 0.6134164333343506, 0.6610690951347351, 0.7087217569351196, 0.7563743591308594, 0.8040270209312439, 0.8516796827316284, 0.8993324041366577, 0.9469850063323975, 0.9946377277374268, 1.042290449142456, 1.0899430513381958, 1.137595772743225, 1.1852484941482544, 1.2329010963439941, 1.2805538177490234, 1.3282064199447632, 1.3758591413497925, 1.4235117435455322, 1.4711644649505615, 1.5188171863555908, 1.5664699077606201, 1.6141225099563599, 1.6617752313613892, 1.709427833557129, 1.7570805549621582, 1.8047332763671875, 1.8523858785629272, 1.900038480758667]}, "gradients/covar_module.base_kernel.raw_lengthscale": {"_type": "histogram", "values": [0.0, 0.0, 0.0, 0.0, 0.0, 0.0, 0.0, 0.0, 0.0, 0.0, 0.0, 0.0, 0.0, 0.0, 0.0, 0.0, 0.0, 0.0, 0.0, 0.0, 0.0, 0.0, 0.0, 0.0, 0.0, 0.0, 0.0, 0.0, 0.0, 0.0, 0.0, 0.0, 1.0, 0.0, 0.0, 0.0, 0.0, 0.0, 0.0, 0.0, 0.0, 0.0, 0.0, 0.0, 0.0, 0.0, 0.0, 0.0, 0.0, 0.0, 0.0, 0.0, 0.0, 0.0, 0.0, 0.0, 0.0, 0.0, 0.0, 0.0, 0.0, 0.0, 0.0, 0.0], "bins": [-1.2154552936553955, -1.2154552936553955, -1.2154552936553955, -1.2154552936553955, -1.2154552936553955, -1.2154552936553955, -1.2154552936553955, -1.2154552936553955, -1.2154552936553955, -1.2154552936553955, -1.2154552936553955, -1.2154552936553955, -1.2154552936553955, -1.2154552936553955, -1.2154552936553955, -1.2154552936553955, -1.2154552936553955, -1.2154552936553955, -1.2154552936553955, -1.2154552936553955, -1.2154552936553955, -1.2154552936553955, -1.2154552936553955, -1.2154552936553955, -1.2154552936553955, -1.2154552936553955, -1.2154552936553955, -1.2154552936553955, -1.2154552936553955, -1.2154552936553955, -1.2154552936553955, -1.2154552936553955, -1.2154552936553955, -1.2154552936553955, -1.2154552936553955, -1.2154552936553955, -1.2154552936553955, -1.2154552936553955, -1.2154552936553955, -1.2154552936553955, -1.2154552936553955, -1.2154552936553955, -1.2154552936553955, -1.2154552936553955, -1.2154552936553955, -1.2154552936553955, -1.2154552936553955, -1.2154552936553955, -1.2154552936553955, -1.2154552936553955, -1.2154552936553955, -1.2154552936553955, -1.2154552936553955, -1.2154552936553955, -1.2154552936553955, -1.2154552936553955, -1.2154552936553955, -1.2154552936553955, -1.2154552936553955, -1.2154552936553955, -1.2154552936553955, -1.2154552936553955, -1.2154552936553955, -1.2154552936553955, -1.2154552936553955]}, "gradients/variational_strategy.inducing_directions": {"_type": "histogram", "values": [1.0, 0.0, 0.0, 0.0, 0.0, 0.0, 0.0, 0.0, 0.0, 0.0, 0.0, 0.0, 0.0, 0.0, 0.0, 0.0, 0.0, 1.0, 0.0, 0.0, 0.0, 0.0, 0.0, 0.0, 0.0, 0.0, 0.0, 1.0, 0.0, 0.0, 1.0, 0.0, 2.0, 2.0, 7.0, 37.0, 1117.0, 25.0, 2.0, 0.0, 0.0, 0.0, 0.0, 0.0, 0.0, 1.0, 0.0, 0.0, 1.0, 0.0, 0.0, 1.0, 0.0, 0.0, 0.0, 0.0, 0.0, 0.0, 0.0, 0.0, 0.0, 0.0, 0.0, 1.0],